id;page;arrêt;date;juridiction;lien;id
180300;12;Attendu qu'aux  termes de l'art  5 du tit  2 de For  donnance de 1667  tous exploits d'ajournement doivent être donnés à personne ou domicile   que le règlement de 1738 concernant la manière d'introduire les différentes espèces d'affaires qui étaient portées au conseil  loin d'avoir dérogé à cet article   veut également  art  30  que les arrêts de communiqué soient signifiés à personne ou domicile   Attendu qu'Antoine Demange au profit duquel avait été rendu le jugement attaqué  est décédé le 6 messidor an 9  que le pouvoi des demandeurs   ( 17 )  de la Cour de Cassation   ( 18 )  dirigé contre ledit Démange   est du 2 fructidor suivant  que le jugement d'admission du 21 ventose an 10  a été signifié le 16 floréal même année  toujours à Antoine Démange   comme s'il eût existé   Attendu que l'action intentée en conséquence du pourvoi en cassation contre un jugement  ne peut être considérée comme la suite et la continuation d'une instance d'appel   que celle ci se termine par le jugement définitif  qu'il ne peut donc être question de déclaration de décès  dont l'ordonnance ne parle que lorsqu'il intervient dans le cours d'une  instance non terminée   Que la voie extraordinaire du pourvoi en cassation constitue une instance nouvelle  tout à fait indépendante de celles qui l'ont précédée   qui doit par conséquent  comme toutes les instances principales  commencer par un acte signifié à personne ou domicile  qu'ainsi la citation donnée à Antoine Démange  qui était décédé depuis long tems  ne peut remplir le voeu des lois citées   que c'est à celui qui a intérêt de former une action à s'enquérir des personnes contre lesquelles il peut valablement diriger ses poursuites   Le tribunal déclare nulle la citation  et par suite les demandeurs  déchus de leur pourvoi  etc   ; 14 nivose an 11. ;Section civile. ;https://gallica.bnf.fr/ark:/12148/bpt6k5804847b/f12.image;180300
180301;13;Considérant que le jugement attaqué n'est contrevenu à aucune loi  en décidant que  d'après la disposition de la coutume de Liège  les enfans ont été saisis de la propriété des biens qui ont appartenu à leur père  au moment de sa mort  et avant l'étabissement du droit d'enregistrement dans le pays de Liège   et que cette propriété des enfans était seulement résoluble au profit de leur mère  usufruitière par l'événement de la mort de tous les enfans avant elle   si cet événement avait eu lieu   et qu'en conséquence il ne s'est opéré aucune mutation relativement   à ces biens  en faveur des enfans   à l'époque de la mort de leur mère survivante   Considérant  d'un autre côté  que  parle jugement du tribunal en date du 18 pluviose dernier  le pourvoi de la régie a été rejeté seulement contre un jugement du tribunal de Liège  qui décharge de la demande en paiement des droits  formée par la régie  le père survivant lui même   qui décharge aussi de la même demande les enfans que la régie poursuivait pendant la vie de ce père survivant  bien que leur propriété  qu'elle qu'en fût ( porte le jugement ) la force et la réalité  ne pût être fixée sur leurs personnes que par l'événement non encore vérifié de la survie de ces enfans à leur père   Le tribunal rejette  etc   ; 4 fructidor an 11. ;Section des requêtes. ;https://gallica.bnf.fr/ark:/12148/bpt6k5804847b/f13.image;180301
180302;13;Attendu que rien n'annonce que le législateur se soit servi des mots en entier pour en proscrire l'usage exclusif et sacramentel   dans la mention de  ; 8 messidor an II.; Section des requêtes.;https://gallica.bnf.fr/ark:/12148/bpt6k5804847b/f13.image;180302
180303;15;Attendu qu'il est constant que les cit  Maussacri héritiers de la cit  Jeanne de Lart  veuve Lascombe  se sont mis en possession de sa succession lors de son décès  arrivé le 23 prairial an 3  qu'ils n'ont point fait de déclaration des biens à eux échus par ce décès   et que la contrainte décernée contre eux pour le paiement du droit proportionnel  du démi droit en sus et du décime pour franc  est en date du 24 brumaire an 10   Que l'action de la régie  pour exiger les droits de mutation par décès  a été ouverte dès le moment de celui de la cit  de Lart  veuve Lascombe   Que s'étant écoulé plus de cinq ans depuis le 23 prairial an 3  jour du décès de la cit  de Lart  jusqu'au 24 brumaire an 10  date de la contrainte  sans que les cit  Maussacri aient fait aucune déclaration de la succession  et qu'il ait été fait  de la part de la régie  aucun acte conservatoire pour le paiement du droit de mutation par décès  et que le cours de la prescription de cinq ans  établie par l'art  61 de la loi du 22 frimaire an y  n'a pas été suspendu par la demande des héritiers de la cit  de Lart  en nullité de la vente par elle passée au cit  Lombarède  le 10 octobre 1793  ni par les jugemens qui ont déclaré cette nullité  cette prescription s'est trouvée acquise à l'époque de la contrainte    Par ces motifs   le tribunal rejette   etc   ; 8 germinal an XL ; Section des requêtes. ;https://gallica.bnf.fr/ark:/12148/bpt6k5804847b/f15.image;180303
180304;16;Attendu que l'art  61 de la loi du 17 nivose an 3   n'a point abrogé l'art  39 de l'ordonnance de 1731  puisque cette loi ne traite pas de la révocation des donations par survenance d'enfans   Attendu que cet art  39 de l'ordonnance de 1731 ne permet pas de révoquer les donations faites entre époux  même par survenance d'enfans   Attendu que les art  13 et 14 de la loi du 17 nivose ne réduisent la donation faite entre époux  qu'en faveur des enfans de leur union ou d'un précèdent mariage du donateur  qu'ainsi le jugement n'a violé aucune loi   ; 29 messidor an II. ; Section des requêtes. ;https://gallica.bnf.fr/ark:/12148/bpt6k5804847b/f16.image;180304
180305;17;En ce qui concerne Metgé   Attendu que c'est le montant de la demande  et Uniquement ce montant qui doit servir de règlé nour fixer la compétence  que la loi n'a dit  ni pu dire  qu'on dût avoir égard à la possibilité plus ou moins grande que la mème demande puisse être faite par plusieurs   Attendu en ce qui touche Barrat  est   Que leur réunion n'a pu avoir pour objet que de diminuer les frais  et n'a pas dû conséquemment tourner  contré eux  à l'effet de leur faire perdre l'avantage du dernier ressort qui leur était acquis de plein droit  par la modicité de leurs demandes particulières   parfaitement indépendantes et bien distinguées dans eurs exploits  ainsi ' qu'elles l'ont été avec raison dans les jugemens attaqués   Par ces motifs le tribunal rejette  etc   ; 11 fructidor an ii .;Section civile. ;https://gallica.bnf.fr/ark:/12148/bpt6k5804847b/f17.image;180305
180306;18;Attendu  sur le premier moyen  que la date de la décision arbitrale est légalement établie au procès par la signature des arbitres  et qu'ainsi il est prouvé qu'ils étaient dans les délais du compromis   Attendu   sur le deuxième moyen  que quand il serait vrai qu'on pourrait admettre la requête civile contre les décisions arbitrales   le demandeur ne se trouverait pas dans le cas d'invoquer cette règle  puisque   par leur compromis  les parties ont consenti que le jugement à intervenir eût force de transaction sur procès  contre laquelle le recours en requête civile n'est pas ouvert    Le tribunal rejette   etc   ; 15 thermidor an II. ;Section des requêtes. ;https://gallica.bnf.fr/ark:/12148/bpt6k5804847b/f18.image;180306
180307;19;Vu la loi 7  ff  de usuf  ear  rer  quoe usu consum   La loi 11  tit  eod  Le § 2 des instit  tit  de usuf   Etattendu  1°  que le cit  Charles François Fourrier  en léguant  par son testament  l'usufruit général de tous ses biens à Marie Muguet  son épouse  les   ( 33 ) de la Cour de Cassation  ( 54 )  également une fausse application de l'art  7 du tit  4 de l'ordonnance du commerce de 1673   Le tribunal casse  etc   ; 9 messidor an XI.; Section civile.;https://gallica.bnf.fr/ark:/12148/bpt6k5804847b/f19.image;180307
180308;25;Vu les art  1  2  3 et 7 de la loi du 19 juillet  1793   Attendu  qu'il  n'a point été  méconnu que la demanderesse est veuve et donataire universelle  de  Louis Georges Marie Leclerc de Buffon  fils et héritier de l'autpur de l'Histoire naturelle    Attendu que la saisie exercée à la requête de la demanderesse  l'a été avant l'expiration de dix annèes du décès de l'auteur   Attendu que Frédéric Behmer  tant qu'il a demeuré en pays étrangers  a pu y contrefaire et y débiter l'ouvrage de Buflon  sans être atteint par les lois françaises  mais que  du moment où Behmer a fait ce débit sur l'ancien territoire de la France  la dame veuve Buffon a pu employer contre lui la voie que les lois de la France lui donnaient pour arrêter et réprimer la vente d'une édition faite contre le droit de Hauteur et de ses héritiers   Attendu que les arrêts des représentons du peuple  dont Behmer excipe  ne l'ont point autorisé à débiter en France l'ouvrage de Buffon  au préjudice d'un tiers   Attendu que les décrets du mois d'août 1789  qui ont aboli les privilèges et distinctions  et rendu la presse litre  n'ont aucun rapport avec la propriété acquise à hauteur sur son ouvrage  et qui n'est que l'indemnité légitime de son travail  et le prix naturellement dû des lumières qu'il répand dans la société   Qu'ainsi  le tribunal d'appel de Metz a faussement appliqué les décrets d'août 1789  et violé formellement la loi du 19 juillet 1793    Le tribunal casse  etc   ; 29 thermidor an XI.;Section civile.;https://gallica.bnf.fr/ark:/12148/bpt6k5804847b/f25.image;180308
180309;31;Vu l'article premier de la loi du 17 juillet 1793   et l'article 35 de la loi du 14 ventôse an 7   Attendu que la première de ces lois n'a aboli les rentes foncières créées avec mélange de féodalité  que dans le cas de concession perpétuelle des fonds   et où les concessionnaires en seraient dès lors devenus réellement propriétaires   Et que par l'acte du 5 mars 1789  Tète Noir Lafàyette n'était point dès lors propriétaire des moulins dont il s'agit  puisqu'il était de principe constant à cette époque  que le domaine de la ci devant Couronne   dont ces moulins faisaient partie lors de cet acte   était inaliénable   et que   quelle que fût la qualification donnée au contrat  il ne renfermait jamais qu'un simple engagement  incapable de transférer la propriété   Attendu que ce principe d'aliénabilité ne recevait d'exception que pour les petits domaines dont la loi même du 14 ventôse an VII  exclut expressément (art  5 ) les moulins qui sont l'objet de l'acte de  1789   Et que Tête Noir Lafayette les a regardés luimême comme ne faisant pas partie de ces petits domaines   puisque   pour faire cesser la révocation de son acquisition prononcée par l'art  4 de cette loi  il a   conformément à son article 14   et dans la vue de conserver les moulins  payé le quart de leur valeur   Attendu   enfin  que l'article 35 de la même loi  invoqué par le jugement attaqué  né s'applique évidemment qu'aux aliénataires indiqués dans son article 5   ceux maintenus dans leur propriété purement et simplement et sans bourse déliée   et que Tête Noir Lafayette ne se trouve point placé parmi ces aliénataires  puisque  comme on vient de le voir  il n'a conservé ses moulins qu'en payant le quart de leur valeur   D'où il suit que le tribunal d'appel  dont le jugement est attaqué  a faussement appliqué les articles 1er  et 35 des deux lois ci  dessus citées   Par des motifs   le tribunal casse et annulle  etc   ; 10 brumaire an XII. ; Section civile. ;https://gallica.bnf.fr/ark:/12148/bpt6k5804847b/f31.image;180309
1803010;33;Le tribunal considérant  en droit  que   pour donner un immeuble à cens ou à fief  il fallait être propriétaire et seigneur du fonds accensé ou inféodé   Considérant  en fait  que le maréchal de Soubise n'était ni propriétaire  ni seigneur des communaux en question dont  suivant l'article 1er  de la loi du 28 août 1792  il n'avait qu'une possession précaire   usurpée par l'effet de la puissance féodale   Que de là il résulte que les juges d'appel de Douay ont parfaitement saisi l'esprit des lois des 28 août 1792 et 17 juillet 1793  lorsque sans avoir égard à la dénomination énoncée de rente seigneuriale  insérée dans l'acte d'aliénation du 15 février 1789  il a été décidé que la rente dont il s'agit  créée lors de la tradition d'un fonds appartenant à des habitans non seigneurs  était une rente purement foncière  à laquelle on ne pouvait pas appliquer les dispositions des lois précitées   Le tribunal rejette le pourvoi  etc   ; 19 vendémiaire an 12. ; Section des requêtes. ;https://gallica.bnf.fr/ark:/12148/bpt6k5804847b/f33.image;1803010
1803011;35;Attendu qu'en donnant aux titres produits par les habitans d'Amage  et au caractère des points de démarcation par eux indiqués  la préférence sur les énonciations contenues dans les reconnaissances de 1584   et en refusant même à ce titré un caractère suffisant d'authenticité  en ce qu'il n'était produit que par copie d'autre copie  les juges d'appel n'ont contrevenu à aucune loi   Rejette le pourvoi   ; 16 brumaire an 12. ; Section des requêtes. ;https://gallica.bnf.fr/ark:/12148/bpt6k5804847b/f35.image;1803011
1803012;38;Attendu que le divorce prononcé entre le cit  Corbin et la demoiselle Hurard  le 13 ventose an 10  pendant le cours de l'instance en interdiction formée contre cette dernière par le cit  Corbin   a fait cesser ipso jure la qualité dans laquelle celui ci avait pu intenter cette action  que ce divorce a rendu le cit  Corbin et la demoiselle Hurard entièrement étrangers l'un à l'autre   que cette circonstance étant survenue avant le jugement de la demande en interdiction   interdiction  rendu le cit  Corbin non recevable à la poursuivre  et qu'en le décidant ainsi  les juges du tribunal d'appel de Paris n'ont violé ni la loi du 5 brumaire an 2   ni l'art  3 du titre 5 de l'ordonnance de 1667  ni les principes sur la non rétroactivité des actes   parce qu'aucune loi ne défend aux juges d'avoir égard en tout état de cause à des exceptions péremptoires   nées pendant le cours de l'instance  et dont l'effet est d'anéantir le titre de l'action  ou de changer la qualité réciproque des parties   que le jugement attaqué ne contient d'ailleurs aucune contravention à la loi du 20 septembre 1792 sur le divorce  ni aux articles cités de la coutume de Normandie  parce qu'aucune disposition de ces lois ne donne à un époux divorcé le droit d'exercer envers l'autre époux une action qui tend à priver celui ci de l'exercice de ses droits civils  et dont l'effet peut même aller jusqu'à la privation de sa liberté individuelle   Par ces motifs  le tribunal rejette  etc   ; 24 vendémiaire an 12. ; Section des requêtes. ;https://gallica.bnf.fr/ark:/12148/bpt6k5804847b/f38.image;1803012
1803014;44;Attendu que  loin d'avoir commis aucune violation de loi  en déclarant non recevable l'action en réméré  qui n'a été exercée par le demandeur qu'après l'expiration du délai qu'il s'était réservé pour exercer cette faculté  le tribunal d'appel de Bruxelles s'est  au contraire  conformé aux principes sur cette matière   Attendu que ce tribunal ne se trouve pas dans l'ancien ressort du parlement de Paris  qui avait  ( 81 ) de la Cour de Cassation  ( 82 )  admis une jurisprudence contraire   que  d'ailleurs  l'inobservation de cette jurisprudence ne pourrait donner lieu à la cassation du jugement dénoncé   Par ces motifs  le tribunal rejette   ; 2 frimaire an 12. ; Section des requêtes.;https://gallica.bnf.fr/ark:/12148/bpt6k5804847b/f44.image;1803014
1803015;45;Vu l'ordonnance de 1560 sur les transactions   et l'article 40 de la loi du 28 mars 1795    Attendu 1°  que  par l'acte du 21 thermidor an 6  Léon Dadonville avait renonce à la demande en nullité par lui formée de la vente du 14 décembre 1791  et en avait consenti l'exécution   moyennant un prix convenu   2°  que cet acte était  par conséquent obligatoire  tant pour lui que pour ses commettans  s'il en avait   puisqu'on n'a pas même allégué contre cette transaction aucun moyen de fraude et de violence   3°  que cet acte n'obligeait pas  au contraire   la république dont il n'avait pas les pouvoirs et ne l'empêchait point d'exercer ses droits du chef des cohéritiers émigrés de la demoiselle Daussy qu'elle représentait   4°  enfin  qu'en supposant même la nullité de l'obligation que Dadonville avait assumée sur lui   de rapporter le consentement des héritiers dont il avait les pouvoirs   cette nullité n'aurait pu entraîner celle de la cession qu'il avait faite de ses droits personnels   puisque les deux obligations n'avaient rien de commun   et que l'une pouvait parfaitement subsister sans l'autre    Qu'il ne peut être douteux que ledit Léon Dadonville pouvait céder ses droits personnels sur la succession de la demoiselle Daussy  au demandeur lui même  comme à tout autre   et à plus forte raison y renoncer en sa faveur  comme il paraît l'avoir fait  sans le concours de la république   et qu'aucune loi ne lui interdisait cette cession ou désistement d'action qui ne pouvait  en aucun cas  compromettre l'intérêt national   D'où il suit que le jugement attaqué a faussement appliqué l'article 40 de la loi du 28 mars 1793  et violé celle des transactions    Par ces motifs  le tribunal casse  etc   ; 20 fructidor an XI. ; Section civile. ;https://gallica.bnf.fr/ark:/12148/bpt6k5804847b/f45.image;1803015
1803016;48;Attendu que les juges n'ont pas dit seulement qu'une vente verbale est irrégulière  ce qui  en thèse  contrarierait les lois citées par Amet  mais qu'elle ne saurait surtout être admise en matière de rescision   ( 89 )  de la Cour de Cassation   ; 15 thermidor an XI. ; Section civile. ;https://gallica.bnf.fr/ark:/12148/bpt6k5804847b/f48.image;1803016
1803018;55;Vu les articles 5 et 6 du titre 16  et l'article 5 du titre 35 de l'ordonnance de 1667    Vu aussi la disposition de l'article 21 du titre 12 de l'ordonnance de 1676    Attendu que l'ordonnance de 1675  intervenue sur le fait du commerce  renvoie pour la forme de procéder dans les juridictions de commerce  au titre 16 de l'ordonnance civile de 1667    Attendu que l'ordonnance de 1667  au titre 16  veut qu'en cas de non comparution à la première assignation  il soit donné défaut ou congé emportant profit  et permet seulement de rabattre les défauts ou congés en l'audience suivante    Attendu que le titre 16 de l'ordonnance civile de 1667  est destiné spécialement à régler la forme de procéder devant les juges des marchands  auxquels sont substitués les tribunaux de commerce    ( 103) Jurisprudence ( 104 )  Attendu que l'usage des juridictions de commerce était d'observer le délai fixement ordonné par l'article 3 du titre 35 de l'ordonnance qui admet dans la huitaine l'opposition aux jugemens rendus par défaut  dans les tribunaux jugeant en dernier ressort   Attendu que  soit que l'on se fixe à ce délai de huitaine  généralement observé par les tribunaux de première instance et d'appel  soit que l'on s'attache au délai d'une audience  à l'audience suivante  spécialement prescrit aux juges de commerce  le tribunal de commerce de Riom ne pouvait  sans contrevenir à la loi  recevoir  après un intervalle de deux mois et demi  depuis la signification de son jugement par défaut  une opposition tardive contre son jugement  sous le prétexte d'un usage arbitraire qui substituerait un délai indéfini à ceux que l'ordonnance a fixés à huitaine  pour le plus long terme    Par ces motifs  le tribunal casse  etc   ; 6 thermidor an XI.;Section civile.;https://gallica.bnf.fr/ark:/12148/bpt6k5804847b/f55.image;1803018
1803019;56;Vu les articles 2  5  5 et 10 de la loi du 16 nivose an 6   Considérant que dans ces articles  comme dans le surplus de ses dispositions  la loi n'a entendu pourvoir qu'au paiement de ce qui restait dû sur les prix d'immeubles stipulés en assignats   que nulle part elle n'ordonne de faire considération des valeurs dans lesquelles ont été payées les parties du pris de vente qui ont été acquittées    Que le législateur avait cependant en vue des engagemens qui pouvaient soumettre l'acquéreur à payer en numéraire certaines portions du prix de vente  tels que dis délégations au profit d'anciens créanciers    Que  dans ce cas  sur lequel prononce l'article 10  la loi ne dit pas qu'il sera fait considération pour réduite le prix de ce que les délégations devront être payées en numéraire  qu'elle donne seulement à l'acquéreur la faculté de résilier    Que l'acquéreur qui ne résilie pas  reste soumis aux dispositions générales  communes à tous les acquéreurs  qui  lors de la promulgation de la loi  devaient encore à leurs vendeurs une partie du prix de leur acquisition    Que   quand l'article 5 dit ue ceux qui ont payé en papiermonnaie   conformément aux lois existantes  une partie du prix convenu  sont valablement libérés d'une quotité proportionnelle   elle énonce ce cas comme le seul sur lequel il pût y avoir du doute   et que c'est la même chose que si elle eût dit   les acquéreurs qui ont payé une partie du prix  quand bien même c'eût été en papier monnaie  pourvu que ce fût conformément aux lois   etc    Que  suivant le même article 5  chaque acquéreur est libéré d'une partie proportionnelle de l'estimation de la valeur réelle de l'immeuble  en raison de la valeur nominale des sommes qu'il a payées  et n'a pas droit à une plus grande libération   Que le jugement attaqué ayant décidé le contraire par une disposition de laquelle il pourrait même résulter qu'un acquéreur resté  lors du contrat  débiteur d'une moitié du prix convenu  et n'en ayant depuis payé qu'un quart  se trouverait cependant ne rien devoir aujourd'hui  il' s'ensuit qu'il y a dans ce jugement violation de la loi du 16 nivose an 6   Le tribunal casse  etc   ; 10 vendémiaire an XII. ; Section civile. ;https://gallica.bnf.fr/ark:/12148/bpt6k5804847b/f56.image;1803019
1803020;58;Vu l'art  5 du tit  4 de la loi du 24 août 1790  ainsi conçu   les juges de district  etc   Attendu que les demandes principales et incidentes de Beauvais et celle principale de Vigneras   jointes  excédaient ensemble la somme de mille livres  que toutes ces demandes étaient contestées  et qu'ainsi l'objet de la contestation ne permettait pas au tribunal qui en était saisi  d'y statuer en premier et dernier ressort    Le tribunal casse et annulle  etc   ; 24 vendémiaire an XII. ; Section civile. ;https://gallica.bnf.fr/ark:/12148/bpt6k5804847b/f58.image;1803020
1803021;61;Le tribunal    Attendu que la principale question est de savoir  si les testateurs avaient disposé de la propriété de leurs biens immeubles   dans l'acte du 17 décembre 1790  au profit de la veuve Roncy  à charge de substitution envers son fils puîné  ou s'ils ne lui avaient seulement laissé que l'usufruit de leurs biens pendant sa vie   Qu'il est de principe en droit que  lorsqu'un testateur lègue ses biens ou les donne à titre d'héritier   ce legs et cette institution emportent la transmission de la propriété de ces biens  en faveur du légataire ou de l'héritier  lors même que le testateur aurait restreint  par une clause postérieure  cette libéralité à l'usufruit des objets donnés pendant la vie du légataire ou de l'héritier  et lorsqu'il aurait exprimé sa volonté  que ses biens retournassent à une tierce personne  après la mort du légataire ou de l'héritier  que  dans ce cas  la propriété était considérée comme grevée de substitution   Que ces principes sont appuyés sur le texte précis du droit romain  et notamment sur la loi 15 au digeste de auro et argento  et sur la loi 11  aussi au digeste de usufructu earum rerum quoe usu consumuntur   Qu'il résulte de ces principes  que le testament du 17 décembre  1793  avait réellement conféré la propriété des biens de Joseph Pierre Defassin  et de Anne Marie Winrox  à la veuve Roncy  qu'il n'y avait  par conséquent  dans le jugement attaqué  aucune contravention aux dispositions du testament  ni à celles de la loi des 25 octobre et 14 novembre 1792  ni enfin à celles de la coutume de Liége   Par ces motifs  le tribunal rejette  etc   ; 19 nivose an 12. ; Section des requêtes. ;https://gallica.bnf.fr/ark:/12148/bpt6k5804847b/f61.image;1803021
1803022;64;Attendu qu'il conste en fait que le moulin dont il s'agit  est situé dans la ci devant justice et fief du Cit  Anthès   qu'il résulte du bail qu'il est fait à perpétuité  moyennant une redevance qui se trouve imposée sur l'héritage  et portable au château  que l'exemption de lods et ventes  en cas d'aliénation   n'est exprimée an contrat que par forme de convention particulière  qu'il y est encore stipulé que les preneurs ne pourront vendre sans l'agrément du seigneur direct  et qu'en outre  pour les cas non exprimés dans l'acte  les droits usités dans la province pour les emphytéoses  seront observés  que  dans un acte postérieur  le droit de prélation est même spécialement réservé   ce qui constitue bien la rétention de la directe    que  quoique l'acte d'aliénation soit résoluble dans un cas prévu   on ne peut l'assimiler à ceux qui ne comportent avec eux qu'une jouissance précaire   révocable à volonté ou à une époque fixe     que cette limitation de l'emphytéose au profit des preneurs et de leur postérité en ligne directe  n'altérait en rien la pleine propriété qui leur  était transmise à toujours par le bail   qu'ainsi  il n'y a aucune  aucune à tirer dans la cause du principe que la suppression des redevances féodales ne protite qu'aux véritables propriétaires     attendu enfin   qu'il est constaté   tant par le premier tribunal   que par celui d'appel   que le droit de cours d'eau en Alsace était féodal   qu'il n'a pas même été allégué devant les premiers juges   que le canal servant» à faire tourner le moulin   fût navigable et hors la propriété seigneuriale du Cit  Anthès   qu'ainsi les juges n'ont du s'occuper d'aucune question relative à ce fait     qu'il suit de ces différentes circonstances   qu'ils ont pu considérer la redevance comme féodale   et en prononcer la suppression en ce qui touchait la valeur qu'elle prenait du cours d'eau servant au moulin  sans contrevenir aux lois sur l'abolition des rentes et droits féodaux   La Cour rejette   etc   ; 12 nivose an XII.;Section civile. ;https://gallica.bnf.fr/ark:/12148/bpt6k5804847b/f64.image;1803022
1803023;78;Vu les articles 13 et 15   titre 5 de l'ordonnance de 1673  portant  art  13    Ceux qui auront tiré ou endossé les lettres   de   change   SERONT POURSUIVIS EN GARANTIE  dans un délai de quatre mois pour l'Espagne   etc    Art  15     Après les délais ci dessus  les porteurs de lettres  SERONT NON RECEVABLES DANS LEUR ACTION EN GARANTIE ET TOUTE AUTRE DEMANDE   Contre  les tireurs et endosseurs    Considérant que les  Vaurabais ont laissé passer le délai prescrit par l'art  13  sans avoir poursuivi en garantie les Chardon   que que l'avis donné   par lettres missives du défaut de paiement  n'est point un équivalent admis parla loi pour suppléer aux poursuites par elle exigées    Le tribunal rejette  etc   ; 24 vendémiaire an XII.;Section civile.;https://gallica.bnf.fr/ark:/12148/bpt6k5804847b/f78.image;1803023
1803024;79;Considérant que les articles 23  42 et 47 de la loi du 22 frimaire an 7  ne sont applicables qu'aux  actes sous seing privé soumis à la formalité de l'enregistrement  en vertu de la règle générale  Que l'article 70   $ 5   n°  16  forme exception à cette règle  et dispense de la formalité de l'enregistrement les actes sous seing privés  qui  dans les pays réunis  ont acquis une date certaine avant l'établissement de de l'enregistrement   Que les arrêtés des 7 fructidor an 7  5 nivose et 19 ventose an 8  sont d'autant moins applicables à l'espèce  qu'ayant pour objet de prévenir les fraudes  par lesquelles il eût été possible de faire paraître authentiques et antérieurs à l'établissement de l'enregistrement   des actes passés depuis cet établissement  ils sont étrangers aux actes qui avaient acquis une certitude de date   que la fraude n'avait pu créer   Enfin  que devant le tribunal civil du Mont Tonnerre   Auffchneider ayant soutenu que l'acte de cession dont il s'agit avait acquis  avant l'établissement de l'enregistrement  une date certaine   notamment par le décès de l'un des signataires   arrivé en 1789  et la régie   loin de contester la vérité de cette assertion  ayant déclaré qu'elle n'entendait point élever de doute sur la certitude de cette date   il en résultait qu'aux termes de la disposition précitée de l'art  70 de la loi du 22 frimaire an 7  l'acte en question n'était plus soumis à l'enregistrement  et que  par conséquent  le jugement attaqué a violé cette disposition de l'art  70 et faussement appliqué  tant les art  25  42 et 47 de la même loi  que les arrêtés du commissaire général du gouvernement dans les quatre départemens de la rive gauche du Rhin  en date des 7 fructidor an 7  3 nivose et 19 ventose an 8   Le tribunal casse  etc   ; 29 brumaire an 12. ; Section civile.;https://gallica.bnf.fr/ark:/12148/bpt6k5804847b/f79.image;1803024
1803025;83;Attendu  sur le premier moyen   que le tribunal d'appel a jugé eu fait  d'après la correspondance des parties  que les cit  Tourton  Ravel et compagnie n'ont pas cessé d'être débiteurs par compte courant du cit  Vanoverstraeten que celte décision  loin d'être démontrée fausse par des déclarations précises   ou par des actes sur lesquels on puisse prononcer sort annullation   est conforme à l'aveu constant du cit  Vanoverstraeten   qui non seulement dans sa correspondance  mais encore dans sa demande introductive du 2 floréal an 7  a qualifié de compte courant les relations qu'il avait avec les cit Tourton   Ravel et compagnie  que  par conséquent  on ne saurait apercevoir dans le fait ainsi établi d'après les inductions mêmes que présente naturellement l'état du procès  aucune violation même indirecte de la loi   Attendu qu'il n'est pas contesté qu'avant le Ier  janvier 1792  les parties étaient en compte courant  qu'il est constant que  tel qu'ait été leur état jusqu'au 11 décembre 1793   les cit  Tourton  Ravel et compagnie   à cette dernière époque  ont annoncé vouloir se libérer  ainsi qu'ils en avaient le droit  et en vertu des conventions intermédiaires et en vertu de la faculté générale accordée à tout débiteur  qu'ils ont  par suite   averti le cit  Vanoverstraeten   qu'ils lui appliquaient et tenaient à sa disposition ponr solde  huit billets de la caisse d'assurance à vie  dont ils lui ont envoyé copie figurée  et qu'ils ont déposés ensuite  comme lui appartenans  pour obéir à la loi du 18 messidor an 2   ( 159 )  Jurisprudence  ( 160)  Attendu que le cit  Vanoverstraeten a gardé la copie de ces billets  et n'a rien répondu   pendant plusieurs années  aux diverses lettres que les cit  Tourton et Ravel lui écrivaient à ce sujet  et dans lesquelles ils se flattaient qu'il verrait sans doute la pureté de leur intention  dans une proposition qui tenait d'autant plus à leur satisfaction et à son intérêt personnel  que toute voie directe de liquidation leur était interdite par les défenses très rigoureuses de rien payer aux habitans des pays alors en guerre avec la république    Attendu que de ces faits et de ces circonstances  le tribunal d'appel a pu   sans violer aucune loi  et sans faire aucune interprétation forcée   conclure que l'état des parties avait été dès lors fixé   qu'en effet  les cit  Tourton et Ravel en avaient été libérés par le placement et l'application des billets dont il s'agit  si le silence du cit  Vanoverstraeten devait être considéré comme une acceptation   ou bien dans le cas où son silence serait regardé comme un refus   qu'il résultait et de l'impossibilité ou ils étaient de se libérer autrement  et de leur intention manifestée dans la lettre du 11 décembre 1793  qu'ils étaient revenus dans le simple état de débiteurs par compte courant   Attendu que l'art  12 de la loi du 11 frimaire an 6  uniquement relatif aux dépositaires ordinaires  et aux   séquestres judiciaires et volontaires  n'a point été fait pour régler les intérêts des négocians et des banquiers  que le litre 5 de la loi du 16 nivose de la même année  a suffisamment pourvu à ce qui concerne les engagemens et les liquidations du commerce  et que l'art  22 de ce titre est le seul qui ait trait à là libération de tout débiteur par compte courant  Attendu enfin   qu'il résulte de toutes ces considérations  que le tribunal d'appel n'a ni violé  ni faus ement appliqué les articles 21 et 22 de la loi du 16 nivose an 6  et l'art  12 de la loi du 11 frimaire de la même année   en donnant au cit  Vanoverstraeten l'option de s'appliquer les billets d'assurance ou de recevoir son paiement comme solde de compte courant   Le tribunal rejette   etc   ; 8 germinal au XI,; Section civile.;https://gallica.bnf.fr/ark:/12148/bpt6k5804847b/f83.image;1803025
1803026;84;Le tribunal  vu l'art  7 de la loi du 24 novembre 1790  le n°  2 de la première section du tarif annexé à celle du 5 décembre de la même année   et les lois des 15 germinal an 4 et 22 frimaire an 7     attendu que ces lois ne font aucune distinction entre les cautionnemens fournis par les receveurs sur leurs immeubles personnels  et ceux fournis sur les immeubles d'un tiers qui y consent   que   de quelque manière que soit fournie cette garantie imposée par la loi aux receveurs de deniers publics   sous le nom de cautionnement en immeuble   elle tend au même but et satisfait aux mêmes dispositions  et qu'ainsi aucun motif ne permet de distinguer là où la loi n'a point distingué     que la loi du 22 frimaire an 7   titre 10 de la Fixation des Droits  section 7  Droits proportionnels  article 69  §  2  56 centimes par cent francs  nombre 8  prononce cette disposition   Il ne sera perça qu'un demi droit pour les cautionnemens des comptables envers la république   c'est à dire seulement 25 centimes par cent francs   quotité qui se raccorde avec le tarif annexé à la loi du 5 décembre 1790  où on lit  (première classe   première section )   Actes sujets aux droits de cinq sans par cent libres   1°            2°  les cautionnemens des trésoriers  receveurs et commis   pour sûreté des deniers qui leur sont confiés    qu'il est impossible d'appliquer au cautionnement dont il s'agit  la disposition de l'article 68 de la susdite loi du 22 frimaire an 7   qui  après avoir énoncé sous 50 numéros successifs les divers actes qui sont tarifes au droit fixe d'un franc  ajoute  n° 51   Et généralement tous actes         qui ne se trouvent dénommés dans aucun des paragraphes suivons  ni dans aucun  artricle de la présente loi  et qui ne peuvent donner lieu au droit proportionnel   puisque loin que les cautionnemens des comptables soient omis dans les articles de cette loi  ils se trouvent expressément compris au nombre des actes qui sont soumis au droit proportionnel par l'art  69  qui suit immédiatement cet article 68  casse  etc  ; 14 frimaire an XIII. ; Section civile. ;https://gallica.bnf.fr/ark:/12148/bpt6k5804847b/f84.image;1803026
1803027;89;Considérant que l'expropriation forcée ne petit être poursuivie qu'en vertu d'une créance liquide et d'un titre exécutoire    que dans le cas dont  12  An XII    1084    T  IV  Ier  part   ( 174 ) Jurisprudence ( 172 )  s'agit  la créance de Calmet n'était pas liquide  en vertu du jugement du 14 fructidor an 6  puisqu'il envoyait devant un commissaire pour la faire liquider    que cette créance n'est pas devenue liquide et constante par le simple procès verbal de ce commissaire  par la raison qu'un seul juge n'avait pas caractère pour fixer la situation des parties  qui ne pouvait être établie que par un jugement   qu'enfin  celte opération du commissaire ne peut être un jugement  puisqu'elle peut être critiquée par les parties  et ne devient elle même exécutoire qu'après avoir été confirmée par un jugement   Le tribunal rejette  etc   ; 8 frimaire an 12. ; Section civile.;https://gallica.bnf.fr/ark:/12148/bpt6k5804847b/f89.image;1803027
1803028;98;Attendu  1°  que l'action résultante des lois per diversas et ab anastasio  n'a rien de commun avec celle en retrait  2°  qu'il est prouvé   par le contrat de vente passé aux demandeurs  que les droits qu'ils ont acquis des Cagnard  étaient litigieux  5°  que l'exception portée par les lois per diversas   en faveur d'un héritier qui achète de son cohéritier des droits litigieux  n'était pas applicable à l'espèce  puisque les demandeurs n'étaient pas du nombre des héritiers Cagnard  avec lesquels ils ont traité  etc   Rejette le pourvoi   ; 8 frimaire an 12. ;Section des requêtes.;https://gallica.bnf.fr/ark:/12148/bpt6k5804847b/f98.image;1803028
1803029;107;Le tribunal    considérant que les lois romaines n'admettent la compensation que comme un mode de libération   fondé sur la pure équité et l'avantage réciproque des parties   qui ne peut avoir lieu qu'entre créances d'une égalité absolument réelle   d'où il suit que   sans violer ces lois   et en se conformant au contraire à leur esprit   le tribunal d'appel de Lyon a pu   dans l'espèce  refuser la compensation entre deux créances qui  contractées en assignats   à des époques différentes   n'étaient égales que nominativement et par fiction   sans l'être dans la réalité   ainsi que cela a été reconnu depuis par les diverses lois intervenues sur les transactions passées sous l'empire du papier monnaie    Rejette   etc   ; 21 ventose an XII. ; Section civile.;https://gallica.bnf.fr/ark:/12148/bpt6k5804847b/f107.image;1803029
1803031;113;Le tribunal  Vu les art  13 du titre 2 de la loi du 24 août 1790  la loi du 16 fructidor an 3  et les articles 6 et 7 de la loi du 18 germinal an 10   concernant l'organisation des cultes protestans   et attendu que  dans le procès qui existe entre les ministres et préposés du culte réformé de l'église de Ketteinheim  et les ministres et préposés du même culte de l'église de Wahcheim  il s'agit entre ces ministres  d'une contestation au sujet des droits qui peuvent leur appartenir  comme administrateurs des églises auxquelles ils sont attachés   qu'il s'agit principalement de déterminer et de circonscrire l'étendue des deux paroisses  en décidant si le terrain litigieux dépend de la dotation de l'église de Ketteinheim ou de celle de Wahcheim    Attendu que conformément aux lois précitées  il n'appartient qu'à l'administration supérieure de prononcer sur de semblables questions  et que les tribunaux civils ont commis une usurpation de pouvoirs  en s'en attribuant la connaissance   statuant sur le pourvoi en cassation  par forme de règlement de juges  déclare nuls et comme non avenus les jugemens rendus parles tribunaux de première instance et d'appel  les 25 germinal et 14 fructidor an 11  etc   ; 16 brumaire an 12.;Section des requêtes. ;https://gallica.bnf.fr/ark:/12148/bpt6k5804847b/f113.image;1803031
1803032;115;Vu l'article 77 de la loi du 27 ventose an 8  sur l'organisation des tribunaux    Attendu qu'il résulte de cette disposition qu'aucun tribunal ne peut recevoir l'appel comme de juge incompétent d'un jugement rendu en dernier ressort par un juge de paix   et que la voie de la cassation est la seule ouverte contre tout jugement en dernier ressort dans lequel un juge de paix a excédé ses pouvoirs    Que par conséquent le tribunal de première instance de l'arrondissement de Château Thierry  en recevant l'appel dont il s'agit au cas présent  a violé la disposition de l'article précité  et commis en même tems un excès de pouvoir    Le tribunal casse  etc   ; 25 nivose an 12. ; Section civile. ;https://gallica.bnf.fr/ark:/12148/bpt6k5804847b/f115.image;1803032
1803033;116;Le tribunal  « considérant que  par les mots » parlant à sa salariée  employés dans l'exploit » de signification du jugement d'admission  le voeu » de l'ordonnance de 1667  lit  2  art  5  a été » suffisamment rempli  puisque l'art  32 de l'or» donuance de 1759  qui permettait de donner les » exploits de signification à des gens de journée » ou serviteurs de la personne à qui on signifiait  » n'a pas été révoquée par celle de 1667     Re» jette la fin de non recevoir  »  ; 18 nivose an 12. ; Section civile. ;https://gallica.bnf.fr/ark:/12148/bpt6k5804847b/f116.image;1803033
1803034;121;Considérant qu'il s'agissait dans l'espèce de récépissés conçus en forme de billets payables au porteur  et que de pareils effets sont réputés' être la propriété de celui qui en a la possession  à moins que celui qui les revendique ne justifie que ces effets ne lui ont été volés   ou qu'il les a perdus  et qu'ils ont été trouvés par le possesseur  ce que les demandeurs n'ont jamais articulé ni soutenu   qu'en se conformant à ces principes de rigoureuse justice  le tribunal d'appel de Bruxelles n'a pu faire une fausse application  des lois commerciales  relatives aux billets payables au porteur   Le tribunal rejette   etc   ; 2 nivose an 12.;Section civile.;https://gallica.bnf.fr/ark:/12148/bpt6k5804847b/f121.image;1803034
1803035;122;   « Attendu  1°  qu'en déboutant de la demande en délivrance de la quarte des biens de Jean Canton  et en n'adjugeant que la somme de 8 000 liv  à laquelle il l'a fixée par son testament  le jugement ne peut avoir contrevenu aux lois relatives aux legs limitatifs et démonstratifs  qu'autant que Jean Canton aurait voulu seulement léguer ladite quarte  et qu'il ne l'aurait fixée à ladite somme de 8 000 liv  que par simple démonstration de valeur  sans intention de limiter lé legs à cette somme   Attendu  2°  que bien loin qu'il conste dans le fait  que Jean Canton ait réellement disposé de la sorte  il résulte au contraire  des clauses de son testament  que quoiqu'il y ait parlé de ladite quarte  il n'a voulu néanmoins léguer que la somme de 8 000 liv  à laquelle il l'a fixée   qu'en effet  par la première de ces clauses  en même tems qu'il dit léguer à Marie Darrigrand  son épouse   la jouissance de la quarte de ses biens   il déclare vouloir qu'après le décès de celle ci  cette même quarte soit partagée entre ses enfans cadets  savoir  5 000 liv  à Justine  et 3 000 liv  à Gaspard   immédiatement après  il déclare  pour prévenir toute sorte de discussion entre ses enfans  après avoir vérifié l'état de sa fortune   et s'être aidé des lumières de son conseil  qu'elle se porte à ladite  somme de 8 000 liv    enfin il termine  en ajoutant par exprès qu'il la fixe à cette somme  et il passe à d'autres legs qu'il n'aurait pu faire sans excéder la portion disponible de ses biens  s'il avait déjà disposé de la quarte   de tout quoi il résulte que ce n'est point de la quarte de ses biens que Jean Canton a voulu réellement disposer  mais seulement d'une somme de 8 000 liv  à prendre sur cette quarte    Attendu  enfin  qu'en décidant de la sorte ce point de fait  le jugement attaqué n'a fait qu'une juste interprétation du testament dont il lui appartenait d'ailleurs de lever les doutes   et de fixer les dispositions   que par suite il n'a contrevenu à aucune des lois citées    Le tribunal rejette   ; 2 ventose an XII. ;Section des requêtes. ;https://gallica.bnf.fr/ark:/12148/bpt6k5804847b/f122.image;1803035
1803036;126;Vu l'art  38 du titre 2 de la loi du 15 mars 1790  et considérant qtiecefi article fo^me un droit nouveau qui embrasse indistidej^ment toute espèce de baux à rente   que  pan conséquent'  ces dispositioifs ne sauraient être modifiées ni restreintes   soit par les principes du droit romain  soit par ceux de toute nutre législation antérieure   à s la'suppression de la féodalité    considérant qu'outre > les propriétés foncières et dépendantes du moulin de Saint Corne  le bail dé 1696  dont il s'agit dans l'espèce actuelle  avait pour objet usvdroit  de  banalité qui avait été aboli par tkos lois nouvelles  et qu'ainsi les demandeurs  ^n lënsrs qaalit es de preneurs  étaient fondés à demander la rédaction des redevances  aux termes dudit art  58   ^'qBB ^iéannioms  par  les jugemeus des i3 pluviôse et z4#entose de l'an io  et en appii    quant les princîpe*âe Fancien droit>v le tribunal d'apSel  d'apSel Montpelliec ki^bouté les demandeurs de leur éman&e en réduction dés redevances  et*liquidé celles échues depuis la suppression des banalités  sur le même pied quelles étaient dues avant celte suppression   en qiipi ledit tribnnal d'appel a manifestement violé lès dispositions de l'art  38  ci dessus cité  Le tribunal casse  etc  •■'    ; 7 ventôse an XII. r;■ Section civile. ;https://gallica.bnf.fr/ark:/12148/bpt6k5804847b/f126.image;1803036
1803037;131;"y ■    Va  sur le premier moyen  l'art  illi du Codç civil  ainsi conçu  etc   Attendu que  par l'acte d'appel du 23 vendémiaire an 12  ensuite duquel les jugemens attaqués ont été  prononcés  le demandeur avait élu son domicile chez l'avoué Hocmelle   qu'il résulte de l'article ci r dessus cité  qu'on pouvait faire chez Hocmelle  au demandeur  les significations  poursuites et demandes relatives à ce même acte d appel du 23 vendémiaire an 12   et qu'ainsi l'élection de domicile chez Hocmelle  doit être considérée comme un mandat donné à Hocmelle pour recevoir les significations qui seraient faites au demandeur pendant le cours de cette instance d'appel   Attendu que les mots sans aucune autre attribution  qui sont insérés dans le même exploit  ne signifient autre chose  sinon qu'HocmelIe' n'avait de mandat que pour recevoir  17*  """; 13 germinal an XII.;Seclion des requêtes. ;https://gallica.bnf.fr/ark:/12148/bpt6k5804847b/f131.image;1803037
1803039;135;Considérant  sur le premier moyen proposé par le demandeur   que le tribunal d'appel a reconnu on fait que Saublay avait  par la procuration à lui donnée le 3 germinal an 7  un pouvoir suffisant à l'effet de tirer des traites pour le paiement du solde dont Thoinnet serait reconnu débiteur envers Rouzeau   et que le fait de ce pouvoir n'est \ms démenti par la procuration   Considérant sur le deuxième moyen   que le demandeur ne s'étant pas fait un moyen devant les premiers juges de la nullité de l'acte du 28 ventôse an 7  sous le prétexte de la prétendue faillite de Thoinnet et Rouzeau  et ayant  au contraire  cxcïpé lui même de plusieurs articles de cet acte  ils n'ont pu violer la loi  eu n'y statuant pas  que'le tribunal de cassation ne peut pas s'occuper de vérifier le fait ou l'époque de cette faillite  et q i\tu  surplus ce moyen n'appartiendrait pas an densais* deur  mais seulement aux créanciers de Thoinnet et  Rouzeau  qui ne l'emploient pas   Considérant sur le troisième moyen   que par sa souscription à l'acte du 28 ventôse an 7  Parthon s'était formellement obligé d'accepter les traites qui seraient tirées sur lui pour le paiement du solde de compte de Rouzeau  et qu'en vertu de cette obligation   ce dernier et son cessionnaire Hèbre  se trouvant e i instance aveclui  ont été sans contredit fondés à en exiger l'exécution  et à demander en conséquence contre lui le paiement desdites traites  et (pie les juges ont pu l'ordonner ainri    sans contrevenu' aux articles II   vi ci 17 de l'ordonnance de commerce  quiU'ont pas d'application à l'espèce     Par ces motifs  le tribun aï rejette  etc   ; 22 ventôse an XII. ; Section civile.;https://gallica.bnf.fr/ark:/12148/bpt6k5804847b/f135.image;1803039
1803040;142;"Vu l'article 121 de l'ordonnance du mois de janvier 1629           considérant que les expressions générales de cet article ne souffrent aucune exception  soit relvivement à la nature de l'affaire qui a  été portée devant un tribunal étranger  soit relativement à la qualité en laquelle un Français y a été partie  qu'ainsi on ne peut  pour l'application dudit article  admettre de distinction   soit entre le cas où l'affaire sur laquelle est intervenu un jugement étranger est commerciale ou purement civile  soit qne le Français y ait été demandeur  défendeur ou partie intervenante  mais que la loi refuse indistinctement toute force exécutoire  en France  aux jugemens étrangers   Que ledit article ayant voulu de plus  que nonobs* tant un jugement étranger  le Français contre lequel il aurait été rendu  puisse de nouveau débattre ses droits comme entiers  il s'ensuit qu'un jugement étranger ne peut pas même opérer contre le Français l'effet de la chose jugée  puisque cette exception le priverait nécessairement de la faculté qui lui est formellement réservée par la loi  de débattre de nouveau ses droits comme entiers   Considérant que dans l'espèce actuelle  par son jugement du 4 germinal an 10  le tribunal d'appel de Rouen a écarté la demande formée par le citoyen ""Spohrer  contre Niels Noë et Jens Sorensen   sous prétexte que la contestation que présentait ladite demande  ayantété vidée par un jugement du tribunal de commerce de Naples  du 4 juillet 1798  le citoyen Spohrer ne pouvait plus les reproduire devant les tribunaux de France  quf'en statuant ainsi  le tribunal de Rouen a contrevenu aux dépositions dud it article 121 de l'ordonnance de 1629  qui conserve aux Français condamnés par des jugemens étrangers  la faculté de débattre de nouveau leur* droits devant les tribunaux de France   ( 277 ) de la Cour de Cassation  ( 270* ) *  Que quoiqu'un jugement du 7 floréal an 6  rendu par le chargé d'affaires de la république française près la cour de Naples   ait renvoyé les parties à se pourvoir devant le tribunal de commerce de celte ville  pour faire statuer sur les mêmes difficultés que le citoyen Spohrer a reproduites devant les tribunaux du Havre et d'appel de Rouen  celte circonstance ne peut pas excuser ladite contravention  puisque le chargé de France n'a pu ni voulu soustraire aux tribunaux français la connaissance des contestations que l'ordonnance de 1629 leur attribue dans les cas prévus par son art  121  et que si l'action que  par le ministère de ses commissionnaires  le citoyen Spohrer a intentée devant le tribunal de commerce de Naples  pouvait être regardée comme une exécution dudit jugemeut de renvoi du 7 floréal an 6'  cette exécution m pourrait pas avoir plus d'effet que n'aurait une demande spontanée et volontairement introduite par un Français devant un tribunal français   ce qui ne peut pas non plus  d'après les considérations ci dessus énoncées  faire fléchir les dispositions générales du susditart  121 del'ordonnancede 1629   Le tribunal casse  etc   "; 26 ventôse an XII. ; Cour de Cass. ;https://gallica.bnf.fr/ark:/12148/bpt6k5804847b/f142.image;1803040
1803041;145;Sur quoi  ouï le rapport de M  Maleville  et les conclusions de M  Lamarque  substitut du procureur général   Et vu les articles 54 et 56 de la loi du i4 décembre 1789  ainsi couçus    Art  54    Le conseil général de la commune sera convoqué lorsqu'il s'agira de délibérer             sur des procès à intenter   Art  56   ■ Les délibérations pour lesquelles la convocation du conseil général est nécessaire  ne pourront être exécutées qu'avec l'approbation de l'administration ou du directoire du département   Considérant que d'après ces articles l'autorisation de la commune de Lusigny était indispensablement nécessaire^our intenter la demande en désistât dont s'agît   que ce n'est pas seulement pour leur intérêt que l'autorisation des communes est exigée  mais encore pour qu'elles ne tracassent pas sans raison les particuliers   que cette autorisation actuelle ne pouvait être remplacée par une autre donnée anciennement dans une instance périmée   et fondée sur d'autres lois   qu'enfin si la prétention de la commune de Lusigny est juste   elle ne perdra lien à être examinée par les tribunaux ordinaires   La cour  faisant droit à la demande de la dame Geneviève Lemire au nom qu'elle procède  casse et annuité la sentence arbitrale  etc   ; i5 prairial an XII.; Cour de cass. ;https://gallica.bnf.fr/ark:/12148/bpt6k5804847b/f145.image;1803041
1803042;146;Sur quoi  ouï le rapport de M  Maleville  et les Conclusions de M  Lamarque  substitut du procureur général  '  Et  vu les articles 68 et 69 de la loi du 9 vendémiaire an 6   ainsi conçus    Art  68  « A compter du premier brumaire pro3) chain  il sera perçu au profic de la république  3) un dixième du prix des places dans les voitures 33 exploitées par les entrepreneurs  »  Art  69*  « Tout citoyen qui entreprendra des )) voilures publiques de terre ou d'eau   partant à » jour et heure fixes  et pour des lieux déterminés  1) sera tenu de fournir aux préposés de la régie sa » déclaration de la route  le nombre et l'espèce des » voitures  et le prix des places  etc  »  Attendu que Begin était l'entrepreneur d'une voiture à quatre roues et à six places  partant à jour et heure fixes de Nanci pour Metz  qu'il n'importait qu'il se fût chargé en même tems du service de la poste aux lettres   qu'il n'en devait pas moins à la république  d'après les articles cités  une quotité de ses profits  sa positiou et sa voiture étant absolument différentes de celle des courriers faisant pour le compte de l'administration le service de la poste aux lettres avec une brouette   La cour donne défaut contre Begin  et pour le profit  casse et annuité  ; i5 prairial an XII. ; Cour de cass. ;https://gallica.bnf.fr/ark:/12148/bpt6k5804847b/f146.image;1803042
1803043;147;Attendu que le jugement attaqué n'a annulé que le premier procès verbal d'assemblée  et ce qui s'en était ensuivi  et qu'en ne prononçant pas la nullité du comparant  de l'ordonnancé de l'officier public  et de la signification qui en avait été faite au cit  Berenguier  avec citation aux fins desdits comparans et oidonnances  et en renvoyant en cet état les parties et la matière devant les premiers juges pour faire exécuter son jugement  le tribunal d'appel n'est contrevenu à aucune loi    Le tribunal rejette le pourvoi   ; 19 germinal an XII.;Cour de cass.;https://gallica.bnf.fr/ark:/12148/bpt6k5804847b/f147.image;1803043
1803044;148;Vu laloi du 6 thermidor an 3   et attendu que des dispositions de cette loi  il résulte évidemment que quels qu'aient été les assignats déposés  l'acte de déÏ>ôt  déÏ>ôt pour le débiteur du billet un titre de ibération  et pour le créancier un titre qui l'autorise à réclamer chez le dépositaire le montant intégral de son billet   D'où il suit que le tribunal d'appel de Montpellier  en déclarant nul  'feule dé bordereau  l'acte de dépôt dont il s'agit  a violé la loi  ( 289 ) delà Gourde Cassation  ( 290 )■  du 6 thermidor an 3  et commis un excès de pouvoir   Casse  etc   ; i5 ventôse an XII. ;j;https://gallica.bnf.fr/ark:/12148/bpt6k5804847b/f148.image;1803044
1803045;158;"« Vu la loi du 28 mars 1793  articles premier et 58  la foi du 12 ventôse an 8  articles premier et 2   les arrêtés du Gouvernement  des 29 messidor an 8  24 thermidor an 9  et 3 floréal an 11     attendu que depuis le changement survenu par la loi du 12 ventôse an 8 (qui détermine le mode d'application des lois relatives à l'émigration )   à la législation concernant l'état des inscrits sur des listes générales d'émigrés  les inscrits ""qui sont rayés ou éliminés  ou amnistiés  sont assimilés les uns aux •autres  par conséquent considérés comme émigrés    que ce principe établi par cette loi  a encore été développé par des arrêtés postérieures du Gouvernement  notamment par celui du 3 floréal an 11    que Guillaume Marie Maret  inscrit sur une des listes générales d'émigrés le 29 messidor an 3  et en réclamation contre son inscription dans les délais des lois antérieures à celle du 12 ventôse an 8   n'avait pas  à cette époque   la capacité pour disposer de ses biens  soit par testament  soit par codicille  ni autrement    qu'enfin le tribunal d'appelde Lyon   en déclarant le testament et le codicille de Guillaume Marie Maret  en date des 17 nivôse an 4 et 9 floréal an 7   nuls et de nul effet  parce qu'à son décès  étant frappé de mort civile  comme émigré   il n'a eu la capacité de faire aucune disposition de ses biens  loin de contrevenir aux lois  s'est en ce sens conformé à celle du 12 ventôse an 8  )>  Le tribunal rejette   etc   "; 28 germinal an 12.; Cour de cas?.;https://gallica.bnf.fr/ark:/12148/bpt6k5804847b/f158.image;1803045
1803047;179;"Vu les articles 4g du décret du 22 ventôse  24 et ""54 de celui du 7 fructidor mêîne année   interprétatif de la loi du 17 nivôse  lesquels déclarent que l'art  61 de la loi du 17 nivôse  abolissant les transmissions statutaires  la question sur l'abolition du tiers coutumier se trouve résolue par ce seul point  que la loi du \<] nivôse ramène tout à Vuniformité par l'abolition des coutumes sur le  fait des dispositions et qu'ainsi la question  proposée sur l'abolition des coutumes qui établissaient un douaire  même en faveur des enfans  se trouve déjà affirmativement décidée par les termes généraux de la loi  Enfin sur la question si le tierscoutumier que le statut de la ci devant Normandie accordait aux enfans  est atteint par la loi  quand il a été réglé avant le i4 juillet 1789   contradictoirement avec les parties intéressées  qu'il ne^peut en ce cas y avoir de doute pour le maintien de tels actes qui présentent indubitablement un contrat entre vifs  valable par sa date   Considérant que l'art  399 de la ci devant coutume de Normandie  qui assurait aux enfans la propriété du tiers des immeubles du père dans les cas déterminés  est un statut de l'espèce de ceux compris dans l'aboliton prononcée par la loi du 17 nivôse  que si  aux termes de cet article  la propriété du tiers de l'immeuble destiné pour le douaire de la femme  était acquise aux enfans du jour des épousailles   néanmoins cette propriété n'était point une propriété pleine  parfaite  absolue  irrévocable   qu'elle n'était qu'une expectative conditionnelle   qui donnait plutôt un droit d'hypoçhèque sur l'immeuble à ce destiné   le cas arrivant  qu'une véritable propriété   que cela résulte évidemment de la disposition subséquente dudit article  en pareil  «sW  les jetymns~ne pourront 'VenâreJ   hypothéquer ou disposer dudit Mers avant Ja mort dupera  ou qu'ils aient tous renoncé  à sa succession   Considérant fjue telle était la position des mineurs Anquetil  dont le père était  vivant lors dé la publication de Moi du 17 nivose an 2  et même à l'époque du jugement attaqué  qu'ainsi leur expectative a pu leur être enlevée par une loi subséquente au mariage   et antérieure à la moiît du père  sans faire produire à cette loi aucun effet rétroactif   Considérant que s'il pouvait rester quelque doute sur l'application de l'art  Gi de la'loi du 17 nivôse  au statut de la'coutume de Normandie  concernant le tiers coutumier  des eufkns issus de mariages contractés antérieurement à cette loi  il serait levé par les art  4g de la loi du 22 ventôse  24 et 34 de celle du 9 fructidor an 2   la cour casse  etc   Des 27  28 et 29 messidor an 1 2    Cour de cass    Section civile    Rapp  M  Vasse   Procureurgèn  imp   M  Merlin   Plaidant  MM  Perignon  et Sirey   Nota  Jugé que le tiers coutumier est aboli  quand même il y aurait eu séparation des époux avant la loi du 17 nivôse  s'il n'y avait eu aussi règlement du droit des enfans    "; 4 thermidor an 12.;Cour de cass..;https://gallica.bnf.fr/ark:/12148/bpt6k5804847b/f179.image;1803047
1803048;180; considérant que  sans entrer dans la question de savoir si les créanciers chirographaires ont droit ou non de surenchérir   il est constant du moins  d'après l'art  19 de l'édit de 1791   qu'ils n'ont droit aux prix qu'autant qu'il en reste quelque chose après le paiement entier des créanciers privilégiés et hypothécaires   Qu'il est constant aussi que la dame Dumesnil était créancière hypothécaire à la date de son contrât d'acquêt  pour la garantie à exercer pour raison du prix des surenchères qu'elle a couvertes   que la légitimité de cette garantie est chose jugée à son profit  et  311'elle avait formé son opposition pour la conservation e cette créance    Que de là il suit qu'à raison de cette hypothèque conservée   elle avait droit sur le prix des surenchères  par préférence aux créanciers chirographaires   ou devenus seulement hypothécaires  depuis la date du contrat   Que  pour lui enlever cette préférence  on ne peut pas argumenter de ce que la dame Dumesnil s'est obligée  àparfôurnir le prix des surenchères  parce que cette obligation ne peut s'entendre que relativement aux créanciers qu'elle ne primait pas  et non à des créanciers chirographaires qui n'avaient de droit qu'après les hypothécaires  au nombre desquels elle se trouvait placée par son contrat    Qu'il n'est pas exact de dire que  de cette manière d'entendre l'édit  il résultera que la faculté qu'il donne aux créanciers chirographaires de participer au prix leur  deviendra inutile  s'ils sont primés par l'acquéreur lui même  à raison de son indemnité  puisque   d'une part  revient toujours la vérité  que l'édit ne  les appelle qu'après les hypothécaires  et d'autre part  il peut arriver  par le défaut d'opposition des hypothécaires   par le vice de cette opposition  par la négligence même de l'acquéreur à faire un acte conservatoire  que ces créanciers chirographaires soient alors utilement appelés par la loi   La cour rejette  etc   ; 20 germinal an 12. ; Cour de cass. ;https://gallica.bnf.fr/ark:/12148/bpt6k5804847b/f180.image;1803048
1803049;180;   attendu qu'il est prouvé qu'en Angoumois l'usage était établi de n'opérer la déchéance de la faculté de rachat  même après le délai  que par un jugement   ce qui est décidé en fait par le jugement attaqué   Rejette  etc  ; 8 messidor an T 2. ; Cour de cass. ;https://gallica.bnf.fr/ark:/12148/bpt6k5804847b/f180.image;1803049
1803050;183;Vu les art  i et 3 delà loi du i g juillet 1793  etc  Attendu que In loi ci dessus rapportée assurant aux auteurs d'écrits en tout genre le droit exclusif de disposer de leurs ouvrages et d'en céder la propriété  et prohibant toute édition imprimée sans la permission des auteurs  on n'a  pas pu   sans violer celte loi  contester à M  l'évèque de Nantes le droit de disposer de son ouvrage et maintenir une édition qui avait été faite sans son consentement   Que c'est à tort qu'on voudrait trouver dans l'article 5 des articles organiques de la convention du 26 messidor an 9   une exception à cette règle générale   que cet article en déclarant que toutes les fonctions ecclésiastiques sont gratuites   sauf les ablations qui seraient autorisées par les règlemens  n'a fait qu'énoncer un principe qui a toujours été reconnu et exécuté en France   mais que cette règle n'impose pas aux ecclésiastiques l'obligation de faire imprimer à leurs frais leurs ouvrages  et ne leur défend pas de choisir un imprimeur et de lui confier le droit exclusif de les vendre   Que les évêques étant '  ainsi que les autres auteurs  responsables des ouvrages imprimés et distribués sous leur nom  il est impossible de leur ôler le droit d'en surveiller l'édition  <  „ de donner leur confiance à un imprimeur    Que plus les ouvrages sont d'une utilité générale et ont du rapport à l'instruction publique  plus il est essentiel d'écarter les éditions contrefaites  et qui ne sont pas avouées parles auteurs    Que bien loin que le gouvernement ait voulu priver les évêques de celte faculté accordée à tous les auteurs  il paraît par la lettre du ministre des cultes à M  l'évèque de Nantes  qu'il approuve que les évêques continuent d'user de cette faculté   La cour casse  etc   ; 26 thermidor an XII.; Cour de cas. ;https://gallica.bnf.fr/ark:/12148/bpt6k5804847b/f183.image;1803050
1803051;185;La cour  attendu que la demande formée par le sieur Freyssinet  en intervention et en adhésion de l'appel interjeté par le sieur Sabran  est identiquement la même que celle formée en première instance par ce dernier   que la conciliation ayant été tentée avec le sieur Sabran  c'est comme sf elle l'eût été avec le sieur Freyssinet  puisque les intérêts de l'un et de l'autre n'étaient point séparables   que dès lors la contravention alléguée est dénuée de fondement  rejette le pourvoi  etc     ; 27 messidor an XII. ; Cour de cas. ;https://gallica.bnf.fr/ark:/12148/bpt6k5804847b/f185.image;1803051
1803052;186;La cour     Considérant que la loi du i4 fructidor an 5'rJfe rappelle l'origine de la dette que pour assujettir le débiteur à l'acquitter selon la valeur réelle qu'elle avait alors  et que  loin de vouloir que le papier monnaie qui a formé le prix du transport d'une datte originairement contractée en numéraire  il est clair qu'elle a entendu que pour opérer exactement cette restitution  on remontât simplement à la date de la délivrance de la somme à restituer   Considérant que la loi du 11 frimaire an 6  qui règle le mode de paiement des obligations causées pour simple prêt et renouvelées à des époques diverses  ne s'applique aux cessiounaires de ces obligations que pour leur donner les mêmes droits qu'auraient les cédans contre les débiteurs cédés  et qu'en cela elle n'impose aux débiteurs aucune charge  ( 365 ) de la Cour de Cassation  ( 366 )  au delà de ce dont ils sont convenus au moment même où ils se sont obligés  f  Considérant que pour donner aux articles g et 11 de cette loi un sens tel que le cessionnaire eût jamais le droit de se faire restituer par son cédant une valeur supérieure à celle qui a réellement formé le prix du transport  il faudrait renoncer à l'acception naturelle du mot restituer  et supposer au législateur l'intention d'ériger en règle de droit une injustice évidente  D'où il résulte qu'on reconnaît dans la loi du 11 frimaire an 6 le même principe d'équité que dans celle susdite du i4 fructidor an 5   Considérant que le même principe se retrouve dans la loi du 16 nivôse an 6 à l'égard de débiteurs de rentes soit viagères  soit perpétuelles qui ont été créées pour cause d'aliénation d'immeuble  puisqu'elle n'assujettit les débiteurs de ces rentes aies acquitter en numéraire sans réduction   que dans le cas où reconnaissant spontanément la souveraine équité de ce mode d'acquittement  ils le préfèrent à l'exercice de la faculté qu'elle leur réserve de résilier le contrat d'aliénation  /  Considérant que la loi du 27 thermidor suivant est encore basée sur la même règle d'équité  que l'esprit général de toute cette législation  est que tout débiteur se libère en payant la valeur réelle de sa dette  et qu'il ne puisse jamais être conttaint de payer au delà de cette valeur   Considérant ensuite que l'obligation de ladite veuve Hennet  quelque nom qu'on lui donne  ne peut point remonter au delà du jour du contrat qu'elle a passé avec le sieur Hennet   Considérant que les capitaux deniers qui ont formé le prix du transport du 25 floréal an 3 consistaient en assignats qui n'avaient de valeur réelle que celle résultante de l'échelle de dépréciation du papiermonnaie à celte époque  et que c'est précisément sur cette valeur réelle que le jugement attaqué a condamné la dame veuve Hennet à en faire la restitution au sieur Hennet   De tout quoi il résulte que loin d'y contrevenir  le tribunal d'appel de Douai s'est parfaitement conformé à l'esprit et à la lettre des lois du i4 fructidor an 5  11 frimaire  16 nivôse et 27 thermidor an 6   Par ces   motifs  ta cour rejette   ; 4 fructidor an XH. ; iCour de cass. ;https://gallica.bnf.fr/ark:/12148/bpt6k5804847b/f186.image;1803052
1803055;191;La cour   r Vu les art  i35o et i35i du Code civil   et attendu qu'une première plainte a été portée en l'an X conlie Pertrand   demandeur en cassation  par Arbel qui est reconnu avoir agi dans l'intérêt de Ferdinand Maximilien de Rohan  partie intervenante sur le pourvoi en cassation   que celte plainte avait pour objet la violation d'un dépôt d'argenterie confié audit Pertrand  qu'elle a été suivie d'un arrêt de la cour de justice criminelle du département de la Seine  du 12 frimaire an XI  qui a déchargé Pertrand des condamnations prononcées en première instance contre lui  sauf l'exercice de l'action civile    attendu qu'une seconde plainte présentée à la fin de l'an XI par le même FerdinandMaximilien de Rohan   avait pour objet la violation du même dépôt par la rétention frauduleuse de partie d'icelui   que la chose demandée faisant partie de celle qui avait été l'objet du premier jugement  la demande étant fondée sur la même cause   puisque la rétention frauduleuse de partie du dépôt avait aussi été un des premiers motifs de la première plainte   et la demande ayant eulieudans l'intérêt des mêmes parties  l'autorité de la chose jugée par l'arrêt du 12 frimaire an XI s'appliquait à la seconde plainte  que son admission était contraire au voeu de la maxime non bis in idem  et que tesecondarrétde la cour de justice criminelle du département de la Seine  du 9 germinal au XII  renferme une contravention foi nielle aux art  i55oeti35i du Code civil sur l'autorité de la chose jugée     casse  etc   ; 1 o messidor an XH. ; Cour de cas. ;https://gallica.bnf.fr/ark:/12148/bpt6k5804847b/f191.image;1803055
1803056;192;Attendu que l'acte du procureur général impérial de la cour de justice criminelle des Ardennes   cont  e lequel on s'est pourvu en cassation   ne présente point les caractères d'un jugement ni d'une ordonnance   La cour dit qu'il n'y a lieu à statuer   ; 7 fructidor an 12, ; Cour de cas. ;https://gallica.bnf.fr/ark:/12148/bpt6k5804847b/f192.image;1803056
1803057;195;"La cour  Vu l'article 46 de l'ordonnance de i510  l'article 3o  chapitre 8 de celle d'octobre 1535  et l'art  i34de celle de I53Q  qui veulent que les conventions des parties soient exécutées suivant leur forme"" et teneur  si elles ne sont attaquées par les voies de droit  Et attendu que par les clauses de l'adjudication  telle qu'elle devait être faite  les vendeurs ont garanti l'adjudicataire  que cette garantie est non seulement de tous dons  douaires  dettes et hypothèques  mais encore qu'elle est expressément stipulée pour toutes évictions  troubles et empéehernens quelconques avec solidarité entre les licitans    Qu'une clause aussi générale et qui n'excepte rien  comprend nécessairement l'éviction résultante de l'action même du col ici tant mineur ou interdit qui pourrait prétendre par la suite que l'adjudication serait nulle relativement à lui  par le défaut de quelque formalité   que la connaissance donnée lors des enchères  de l'omission de deux des formalités d'usage  est une raison de plus de juger  que tel a été le sens de la clause souscrite envers l'adjudicataire    Que cette éviction particulière pouvait être d'autant moins exceptée de la clause générale de garantie  qu'elle n'était interdite par aucune loi  que rien n'empêchait que des majeurs colicitans avec l'interdit  garantissent l'adjudicataire  que le vice de l'adjudication à l'égard de l'interdit  résultant de son privilège personnel  ne peut dispenser les majeurs de l'éxecution de la garantie solidaire par eux promise   iQu'il y a donc dans le jugement attaqué  violation de la loi du contrat et des lois  qui veulent que les actes et conventions des parties soient exécutés   REJETTE relativement'à Lebon la Boutraye  et CASSE quant aux autres   "; 19 floréal an Xlll;Cour de cass.;https://gallica.bnf.fr/ark:/12148/bpt6k5804847b/f195.image;1803057
1803058;196;Vu l'article i5  n°  6 de la loi du 22 frimaire  an 7   Attendu que cet article veut impérieusement que le droit proportionnel soit perçu  dans les ventes et adjudications de biens immeubles  d'après le prix exprimé en l'acte translatif dé propriété  en y ajoutant TOUTES LES CHARGES en capital   Attendu que dans l'espèce  les rentes dont l'immeuble vendu étaitgrevé  étaient une charge établie sur cet immeuble  et qu'il n'est pas même justifié que ces rentes soient foncières et inhérentes au  fonds   Attendu  d'ailleurs  que depuis que les rentes foncières ont été déclarées essentiellement radie  tables  il n'y a plus lieu à les distinguer  sous le rapport de la perception des droits d'enregistrement   des autres charges dont le fonds peut être  grevé      '     La cour casse  etc    ; 9 fructidor an XII. ; Présid. M. Maleville. Rap. M. Bailly.v;https://gallica.bnf.fr/ark:/12148/bpt6k5804847b/f196.image;1803058
1803059;197;Vu l'article 5 de la loi du  25 août i 792   tes articles 1 et 2 de la loi du 17 juillet 1793  les décrets des 2 octobre 1793  et 7 ventôse an 2    Considérant que la redevance dont il s'agit a été constituée par les habitahs de Bajordan au profit de leur ci devant seigneur   que te tilre constitutif de cette redevance n'est poiiit rapporté   qu'il résulte des titres énonciatifs  et  récognitifs invoqués respectivement par les parties   que la commune de Bajordan tient le bois Labatut mouvant de la directe du seigneur de Bajordan  'moyennant le fiefet rente annuelle et perpétuelle de neuf sacs de grains  qu'encoie que cette redevance eût été créée pour concession de fonds  elle n'aurait pas été moins seigneuriale di  phin droit  ( puisque le seigneur de Bajordan s'était réservé la seigneurie directe du bois Labatut  cette redevance eût été récognitive de celle seigneurie ) qu'ainsi la redevance dont il s'àgil n'est pas purement foncière  mais tout à la fois foncière et seigneuriale   La cour casse  etc   ;. 7 messidor an XII. ; Gourde cas;https://gallica.bnf.fr/ark:/12148/bpt6k5804847b/f197.image;1803059
1803060;199;La cour  Attendu que Jean Baptiste Rouy  institué héritier général et universel par son père  a accepté purement et simplement la succession de celuici   que dès lors ses frères et soeurs légitimaires sont devenus à son égard des créanciers ordinaires  qu'ils ont donc pu recevoir leur dû de leur frère sans être tenus au rapport envers les créanciers de leur père   qu'ainsi l'arrêt attaqué  loin d'être en contravention aux lois romaines  y est parfaitement conforme  rejette  etc   ; 2 prairial an XII.;Cour de cass.;https://gallica.bnf.fr/ark:/12148/bpt6k5804847b/f199.image;1803060
